group,index,addr,source,region,owner,owner_delta,prop_addr,prop_size,prop_flags,next_anchor_delta,bytes16,bytes32
flk_region_start,0,0x700169a2,manual,flk_dense,0x70015e98,0xb0a,,,,0x2,0000f41770f4e082f901c08282605582,0000f41770f4e082f901c0828260558230bb82403d82704d82b033825044821e
C,1,0x700169a4,dispatch,flk_dense,0x70015e98,0xb0c,0x700169a4,0x8,insn|data|no_reorder|no_transform,0x489,f41770f4e082f901c0828260558230bb,f41770f4e082f901c0828260558230bb82403d82704d82b033825044821e8a16
flk_entry_A,1,0x70016e2d,manual,flk_dense,0x70015e98,0xf94,0x70016bb0,0x35e,insn|data|branch_target|no_reorder|no_transform,0xd46,3690e48008178c4100400804021ed14d,3690e48008178c4100400804021ed14d2602e60008d7240002400804020e2175
flk_entry_B,2,0x70017b73,manual,flk_dense,0x70015e98,0x1cda,0x70017a84,0xfd,insn|data|branch_target|no_reorder|no_transform,0x155,36705a64120030d005d3f3060402e221,36705a64120030d005d3f3060402e221bcd20e03820e02cf8dfb138a0882003e
C,0,0x70017cc8,dispatch,flk_dense,0x70015e98,0x1e30,0x70017cc8,0x0,data|unreachable|no_transform,0x9,f41770f4c070f9010636fb84187084b0,f41770f4c070f9010636fb84187084b08489014633fbf41870f49072f9018630
flk_entry_C,3,0x70017cd1,manual,flk_dense,0x70015e98,0x1e38,0x70017cc8,0xb,insn|data|no_reorder|no_transform,0x2,36fb84187084b08489014633fbf41870,36fb84187084b08489014633fbf41870f49072f9018630fb8418708420518901
C,11,0x70017cd3,dispatch,flk_dense,0x70015e98,0x1e3a,0x70017cd3,0x0,data|unreachable|no_transform,0xb,84187084b08489014633fbf41870f490,84187084b08489014633fbf41870f49072f9018630fb8418708420518901c62d
C,10,0x70017cde,dispatch,flk_dense,0x70015e98,0x1e46,0x70017cde,0x0,data|unreachable|no_transform,0xb,f41870f49072f9018630fb8418708420,f41870f49072f9018630fb8418708420518901c62dfbf41870f4003ff901062b
C,9,0x70017ce9,dispatch,flk_dense,0x70015e98,0x1e50,0x70017ce9,0x0,data|unreachable|no_transform,0xb,8418708420518901c62dfbf41870f400,8418708420518901c62dfbf41870f4003ff901062bfb84187084901d89014628
C,8,0x70017cf4,dispatch,flk_dense,0x70015e98,0x1e5c,0x70017cf4,0x0,data|unreachable|no_transform,0xb,f41870f4003ff901062bfb8418708490,f41870f4003ff901062bfb84187084901d89014628fbf41870f4700bf9018625
C,7,0x70017cff,dispatch,flk_dense,0x70015e98,0x1e66,0x70017cff,0x0,data|unreachable|no_transform,0xb,84187084901d89014628fbf41870f470,84187084901d89014628fbf41870f4700bf9018625fb8417708400ea8901c622
C,6,0x70017d0a,dispatch,flk_dense,0x70015e98,0x1e72,0x70017d0a,0x0,data|unreachable|no_transform,0xb,f41870f4700bf9018625fb8417708400,f41870f4700bf9018625fb8417708400ea8901c622fbf41770f4e0d7f9010620
C,5,0x70017d15,dispatch,flk_dense,0x70015e98,0x1e7c,0x70017d15,0x0,data|unreachable|no_transform,0xb,8417708400ea8901c622fbf41770f4e0,8417708400ea8901c622fbf41770f4e0d7f9010620fb8417708470b68901461d
C,4,0x70017d20,dispatch,flk_dense,0x70015e98,0x1e88,0x70017d20,0x0,data|unreachable|no_transform,0xb,f41770f4e0d7f9010620fb8417708470,f41770f4e0d7f9010620fb8417708470b68901461dfbf41770f450a4f901861a
C,3,0x70017d2b,dispatch,flk_dense,0x70015e98,0x1e92,0x70017d2b,0x0,data|unreachable|no_transform,0xb,8417708470b68901461dfbf41770f450,8417708470b68901461dfbf41770f450a4f901861afb8419708480d88901c617
C,2,0x70017d36,dispatch,flk_dense,0x70015e98,0x1e9e,0x70017d36,0x0,data|unreachable|no_transform,0xb,f41770f450a4f901861afb8419708480,f41770f450a4f901861afb8419708480d88901c617fbf41a70f400b4f9010615
A,0,0x70017d41,dispatch,flk_dense,0x70015e98,0x1ea8,0x70017d41,0x0,data|unreachable|no_transform,0xb,8419708480d88901c617fbf41a70f400,8419708480d88901c617fbf41a70f400b4f9010615fb841a7084a0a389014612
A,11,0x70017d4c,dispatch,flk_dense,0x70015e98,0x1eb4,0x70017d4c,0x0,data|unreachable|no_transform,0xb,f41a70f400b4f9010615fb841a7084a0,f41a70f400b4f9010615fb841a7084a0a389014612fbf41a70f4e089f901860f
A,10,0x70017d57,dispatch,flk_dense,0x70015e98,0x1ebe,0x70017d57,0x0,data|unreachable|no_transform,0xb,841a7084a0a389014612fbf41a70f4e0,841a7084a0a389014612fbf41a70f4e089f901860ffb841a708480798901c60c
A,9,0x70017d62,dispatch,flk_dense,0x70015e98,0x1eca,0x70017d62,0x0,data|unreachable|no_transform,0xb,f41a70f4e089f901860ffb841a708480,f41a70f4e089f901860ffb841a708480798901c60cfbf41a70f4c05ff901060a
A,8,0x70017d6d,dispatch,flk_dense,0x70015e98,0x1ed4,0x70017d6d,0x0,data|unreachable|no_transform,0xb,841a708480798901c60cfbf41a70f4c0,841a708480798901c60cfbf41a70f4c05ff901060afb841a7084604f89014607
A,7,0x70017d78,dispatch,flk_dense,0x70015e98,0x1ee0,0x70017d78,0x0,data|unreachable|no_transform,0xb,f41a70f4c05ff901060afb841a708460,f41a70f4c05ff901060afb841a7084604f89014607fbf41a70f4a035f9018604
A,6,0x70017d83,dispatch,flk_dense,0x70015e98,0x1eea,0x70017d83,0x0,data|unreachable|no_transform,0xb,841a7084604f89014607fbf41a70f4a0,841a7084604f89014607fbf41a70f4a035f9018604fb841a708440258901c601
A,5,0x70017d8e,dispatch,flk_dense,0x70015e98,0x1ef6,0x70017d8e,0x0,data|unreachable|no_transform,0xb,f41a70f4a035f9018604fb841a708440,f41a70f4a035f9018604fb841a708440258901c601fbf41a70f4600df90106ff
A,4,0x70017d99,dispatch,flk_dense,0x70015e98,0x1f00,0x70017d99,0x0,data|unreachable|no_transform,0xb,841a708440258901c601fbf41a70f460,841a708440258901c601fbf41a70f4600df90106fffa84197084e0fe890146fc
A,3,0x70017da4,dispatch,flk_dense,0x70015e98,0x1f0c,0x70017da4,0x0,data|unreachable|no_transform,0xb,f41a70f4600df90106fffa84197084e0,f41a70f4600df90106fffa84197084e0fe890146fcfaf41970f400e7f90186f9
A,2,0x70017daf,dispatch,flk_dense,0x70015e98,0x1f16,0x70017daf,0x0,data|unreachable|no_transform,0xb,84197084e0fe890146fcfaf41970f400,84197084e0fe890146fcfaf41970f400e7f90186f9fa8418708420a68901c6f6
A,1,0x70017dba,dispatch,flk_dense,0x70015e98,0x1f22,0x70017dba,0x0,data|unreachable|no_transform,0xb,f41970f400e7f90186f9fa8418708420,f41970f400e7f90186f9fa8418708420a68901c6f6faf41970f4d0b7f90106f4
B,0,0x70017dc5,dispatch,flk_dense,0x70015e98,0x1f2c,0x70017dc5,0x0,data|unreachable|no_transform,0xb,8418708420a68901c6f6faf41970f4d0,8418708420a68901c6f6faf41970f4d0b7f90106f4fa8419708470a5890146f1
B,11,0x70017dd0,dispatch,flk_dense,0x70015e98,0x1f38,0x70017dd0,0x0,data|unreachable|no_transform,0xb,f41970f4d0b7f90106f4fa8419708470,f41970f4d0b7f90106f4fa8419708470a5890146f1faf41970f4c084f90186ee
B,10,0x70017ddb,dispatch,flk_dense,0x70015e98,0x1f42,0x70017ddb,0x0,data|unreachable|no_transform,0xb,8419708470a5890146f1faf41970f4c0,8419708470a5890146f1faf41970f4c084f90186eefa8419708460728901c6eb
B,9,0x70017de6,dispatch,flk_dense,0x70015e98,0x1f4e,0x70017de6,0x0,data|unreachable|no_transform,0xb,f41970f4c084f90186eefa8419708460,f41970f4c084f90186eefa8419708460728901c6ebfaf41970f4b051f90106e9
B,8,0x70017df1,dispatch,flk_dense,0x70015e98,0x1f58,0x70017df1,0x0,data|unreachable|no_transform,0xb,8419708460728901c6ebfaf41970f4b0,8419708460728901c6ebfaf41970f4b051f90106e9fa84197084503f890146e6
B,7,0x70017dfc,dispatch,flk_dense,0x70015e98,0x1f64,0x70017dfc,0x0,data|unreachable|no_transform,0xb,f41970f4b051f90106e9fa8419708450,f41970f4b051f90106e9fa84197084503f890146e6faf41970f4a01ef90186e3
B,6,0x70017e07,dispatch,flk_dense,0x70015e98,0x1f6e,0x70017e07,0x0,data|unreachable|no_transform,0xb,84197084503f890146e6faf41970f4a0,84197084503f890146e6faf41970f4a01ef90186e3fa84197084400c8901c6e0
B,5,0x70017e12,dispatch,flk_dense,0x70015e98,0x1f7a,0x70017e12,0x0,data|unreachable|no_transform,0xb,f41970f4a01ef90186e3fa8419708440,f41970f4a01ef90186e3fa84197084400c8901c6e0faf41870f490ebf90106de
B,4,0x70017e1d,dispatch,flk_dense,0x70015e98,0x1f84,0x70017e1d,0x0,data|unreachable|no_transform,0xb,84197084400c8901c6e0faf41870f490,84197084400c8901c6e0faf41870f490ebf90106defa8418708430d9890146db
B,3,0x70017e28,dispatch,flk_dense,0x70015e98,0x1f90,0x70017e28,0x0,data|unreachable|no_transform,0xb,f41870f490ebf90106defa8418708430,f41870f490ebf90106defa8418708430d9890146dbfaf41870f480b8f90186d8
B,2,0x70017e33,dispatch,flk_dense,0x70015e98,0x1f9a,0x70017e33,0x0,data|unreachable|no_transform,0xb,8418708430d9890146dbfaf41870f480,8418708430d9890146dbfaf41870f480b8f90186d8fa2d0a1df0a40070e40070
B,1,0x70017e3e,dispatch,flk_dense,0x70015e98,0x1fa6,0x70017e3e,0x0,data|unreachable|no_transform,0x69f12,f41870f480b8f90186d8fa2d0a1df0a4,f41870f480b8f90186d8fa2d0a1df0a40070e40070b4007084f07fd40070d4fc
ann_owner,4,0x70081d50,manual,,0x70081d50,0x0,0x70081d50,0x0,unreachable,0x175,368100ce6280c203c200f40822000240,368100ce6280c203c200f40822000240080402af95001e91588300deb68203e0
D,21,0x70081ec5,dispatch,ann_dense,0x70081d50,0x174,0x70081ec5,0x2,insn|branch_target|no_reorder,0x22,1c2565061ebe6a66255e64100030d005,1c2565061ebe6a66255e64100030d0058cf40604021df000000000000022a200
D,22,0x70081ec5,dispatch,ann_dense,0x70081d50,0x174,0x70081ec5,0x2,insn|branch_target|no_reorder,0x22,1c2565061ebe6a66255e64100030d005,1c2565061ebe6a66255e64100030d0058cf40604021df000000000000022a200
D,28,0x70081ec5,dispatch,ann_dense,0x70081d50,0x174,0x70081ec5,0x2,insn|branch_target|no_reorder,0x22,1c2565061ebe6a66255e64100030d005,1c2565061ebe6a66255e64100030d0058cf40604021df000000000000022a200
D,0,0x70081ee7,dispatch,ann_dense,0x70081d50,0x196,0x70081ee7,0x0,unreachable,0x77,ceb0010398fc00080802400240080402,ceb0010398fc00080802400240080402f02000f0200025ff11b2020da0a874a0
D,30,0x70081f5e,dispatch,ann_dense,0x70081d50,0x20e,0x70081f5e,0x5f,insn|no_reorder,0x75,1eb0000359a0d50531a8853ec8060402,1eb0000359a0d50531a8853ec8060402f02000f02000a5810992020da0a874a0
D,29,0x70081fd3,dispatch,ann_dense,0x70081d50,0x282,0x70081fd3,0x0,unreachable,0x75,ceb0010398fc00080802400240080402,ceb0010398fc00080802400240080402f02000f02000650e0992020da0a874a0
D,27,0x70082048,dispatch,ann_dense,0x70081d50,0x2f8,0x70082048,0x0,unreachable,0x76,ceb0010398fc00080802400240080402,ceb0010398fc00080802400240080402f02000f0200025e70792020da0a874a0
D,26,0x700820be,dispatch,ann_dense,0x70081d50,0x36e,0x700820be,0x5f,insn|no_reorder,0x75,ceb0010398fc00080802400240080402,ceb0010398fc00080802400240080402f02000f02000a59c0292020da0a874a0
D,25,0x70082133,dispatch,ann_dense,0x70081d50,0x3e2,0x70082133,0x0,unreachable,0x75,ceb0010398fc00080802400240080402,ceb0010398fc00080802400240080402f02000f0200065ae1092020da0a874a0
D,24,0x700821a8,dispatch,ann_dense,0x70081d50,0x458,0x700821a8,0x0,unreachable,0x76,ceb0010398fc00080802400240080402,ceb0010398fc00080802400240080402f02000f0200025501792020da0a874a0
D,23,0x7008221e,dispatch,ann_dense,0x70081d50,0x4ce,0x7008221e,0x5f,insn|no_reorder,0x75,ceb0010398fc00080802400240080402,ceb0010398fc00080802400240080402f02000f02000a5b81692020da0a874a0
D,20,0x70082293,dispatch,ann_dense,0x70081d50,0x542,0x70082293,0x0,unreachable,0x75,ceb0010398fc00080802400240080402,ceb0010398fc00080802400240080402f02000f0200065711592020da0a874a0
D,19,0x70082308,dispatch,ann_dense,0x70081d50,0x5b8,0x70082308,0x0,unreachable,0x77,ceb0010398fc00080802400240080402,ceb0010398fc00080802400240080402f02000f0200025870792020da0a874a0
D,18,0x7008237f,dispatch,ann_dense,0x70081d50,0x62e,0x7008237f,0x5f,insn|no_reorder,0x75,ceb0010398fc00080802400240080402,ceb0010398fc00080802400240080402f02000f02000a57f0792020da0a874a0
D,17,0x700823f4,dispatch,ann_dense,0x70081d50,0x6a4,0x700823f4,0x0,unreachable,0x77,ceb0010398fc00080802400240080402,ceb0010398fc00080802400240080402f02000f0200065780792020da0a874a0
D,16,0x7008246b,dispatch,ann_dense,0x70081d50,0x71a,0x7008246b,0x5f,insn|no_reorder,0x77,ceb0010398fc00080802400240080402,ceb0010398fc00080802400240080402f02000f02000e5700792020da0a874a0
D,15,0x700824e2,dispatch,ann_dense,0x70081d50,0x792,0x700824e2,0x5f,insn|no_reorder,0x75,ceb0010398fc00080802400240080402,ceb0010398fc00080802400240080402f02000f0200065f90c92020da0a874a0
D,14,0x70082557,dispatch,ann_dense,0x70081d50,0x806,0x70082557,0x0,unreachable,0x75,ceb0010398fc00080802400240080402,ceb0010398fc00080802400240080402f02000f0200025180c92020da0a874a0
D,13,0x700825cc,dispatch,ann_dense,0x70081d50,0x87c,0x700825cc,0x0,unreachable,0x68,ceb0010398fc00080802400240080402,ceb0010398fc00080802400240080402f02000f02000e5350b92020da0a874a0
D,12,0x70082634,dispatch,ann_dense,0x70081d50,0x8e4,0x70082634,0x0,unreachable,0x68,ceb0010398fc00080802400240080402,ceb0010398fc00080802400240080402f02000f0200065e00792020da0a874a0
D,11,0x7008269c,dispatch,ann_dense,0x70081d50,0x94c,0x7008269c,0x0,unreachable,0x68,ceb0010398fc00080802400240080402,ceb0010398fc00080802400240080402f02000f02000e5620a92020da0a874a0
D,10,0x70082704,dispatch,ann_dense,0x70081d50,0x9b4,0x70082704,0x0,unreachable,0x68,ceb0010398fc00080802400240080402,ceb0010398fc00080802400240080402f02000f0200065640392020da0a874a0
D,9,0x7008276c,dispatch,ann_dense,0x70081d50,0xa1c,0x7008276c,0x0,unreachable,0x68,ceb0010398fc00080802400240080402,ceb0010398fc00080802400240080402f02000f02000e5ce0492020da0a874a0
D,8,0x700827d4,dispatch,ann_dense,0x70081d50,0xa84,0x700827d4,0x0,unreachable,0x68,ceb0010398fc00080802400240080402,ceb0010398fc00080802400240080402f02000f02000658a0e92020da0a874a0
D,7,0x7008283c,dispatch,ann_dense,0x70081d50,0xaec,0x7008283c,0x0,unreachable,0x68,ceb0010398fc00080802400240080402,ceb0010398fc00080802400240080402f02000f02000e5e80d92020da0a874a0
D,6,0x700828a4,dispatch,ann_dense,0x70081d50,0xb54,0x700828a4,0x0,unreachable,0x68,ceb0010398fc00080802400240080402,ceb0010398fc00080802400240080402f02000f02000652d0492020da0a874a0
D,5,0x7008290c,dispatch,ann_dense,0x70081d50,0xbbc,0x7008290c,0x0,unreachable,0x68,ceb0010398fc00080802400240080402,ceb0010398fc00080802400240080402f02000f02000e57b0392020da0a874a0
D,4,0x70082974,dispatch,ann_dense,0x70081d50,0xc24,0x70082974,0x0,unreachable,0x68,ceb0010398fc00080802400240080402,ceb0010398fc00080802400240080402f02000f02000651b0f92020da0a874a0
D,3,0x700829dc,dispatch,ann_dense,0x70081d50,0xc8c,0x700829dc,0x0,unreachable,0x68,ceb0010398fc00080802400240080402,ceb0010398fc00080802400240080402f02000f02000e5b01592020da0a874a0
D,2,0x70082a44,dispatch,ann_dense,0x70081d50,0xcf4,0x70082a44,0x0,unreachable,0x68,ceb0010398fc00080802400240080402,ceb0010398fc00080802400240080402f02000f0200065780192020da0a874a0
D,1,0x70082aac,dispatch,ann_dense,0x70081d50,0xd5c,0x70082aac,0x0,unreachable,,ceb0010398fc00080802400240080402,ceb0010398fc00080802400240080402f02000f02000e5c21092020da0a874a0
